givenName,middleName,surname
Terry,Wikivu,Jaqueminet
Moise,Skajo,Desquesnes
Winni,Gabtype,Woffinden
Butch,Twimbo,Bosch
Adamo,Trilith,Madders
Midge,Divanoodle,Dowry
Caldwell,Skajo,Portchmouth
Alfi,Rhybox,Van der Mark
Laurene,Centidel,Hukin
Leandra,Cogilith,Lampard
Carroll,Riffpedia,Pessel
Blane,Fiveclub,Matis
Britt,Meejo,Keyhoe
Niall,Ozu,Sidney
Tasha,Quire,Bilney
Maddie,Jabbertype,Dunkerly
Donal,Podcat,Blais
Web,Eadel,Lewton
Frans,Kimia,Tingle
Adolph,Twitterbeat,Hierro
Nelle,Quimm,Meiner
Laetitia,Realmix,Lucey
Gavan,Skibox,Ainsley
Scarface,Kare,Gulland
Nan,Wikizz,Dovey
Benedicto,Avamba,Grimditch
Gwenny,Tazzy,Curthoys
Sidney,Jabberbean,Wetherald
Nigel,Flipstorm,Feltham
Kellsie,Dabshots,Mawd
Stephie,Voonder,Nozzolii
Yancey,Edgeblab,Lenchenko
Nertie,Quatz,Aplin
Eulalie,Kayveo,Maddox
Codi,Jayo,Rohfsen
Carlynn,Blognation,McLeary
Harland,Bubblebox,Lynett
Lucie,Eamia,Lawden
Gideon,Camido,Nattriss
Forrester,Jabbercube,Garatty
Kesley,Feednation,Allen
Boniface,Yata,Domerque
Doug,Thoughtmix,Guierre
Chris,Flashspan,Presnail
Dorie,Agivu,MacCaig
Vaughan,Voonix,Haker
Veronique,Youspan,MacGorman
Anthiathia,Zoomcast,Eilhersen
Estrellita,Kwimbee,Senett
Elmer,Abata,Abramin
Gayelord,Ntag,Blunden
Bay,Topicware,Blofield
Iggy,Eire,St. John
Myrta,Skivee,Lowin
Nedda,Twitterworks,Gault
Ruthann,Voomm,Benditt
Cheri,Vitz,Fadden
Julio,Quire,Frostdicke
Homerus,JumpXS,Mc Gee
Robbert,Skilith,Bligh
Viviana,Lazz,Pendlington
Henri,Aibox,Fargie
Dru,Devshare,Ballinghall
Johannes,Voomm,Hawkings
Zarah,Skinte,Ellissen
Tito,Skiba,Chattaway
Eleonora,Trunyx,Trenoweth
Clarisse,Bubblebox,Groveham
Collette,Jetpulse,Pardal
Kristina,Yombu,Bere
Etienne,Gabcube,Hessentaler
Mick,Oodoo,Mattisson
Amandie,Latz,Colliver
Nevins,Demizz,Ruppeli
Jocelyn,Ailane,Chivrall
Elisa,Wikizz,Pitchers
Suzy,Trudeo,Pacheco
Wolfgang,Gevee,Reinbeck
Randal,Eire,Raffles
Adele,Topdrive,Myhill
Isaak,Dazzlesphere,Luckett
Dianna,Quatz,Santori
Ina,Kare,Hedworth
Walker,Youspan,Lockyer
Myles,Wordpedia,Briamo
Chiquia,Roomm,Fazakerley
Markos,Yodel,Aulsford
Ian,Jabbercube,Deaville
Dyna,Wordify,Bettanay
Tally,Yabox,Pendlenton
Cthrine,Flipopia,Eim
Abdel,Innotype,Kempe
Isahella,Twitterwire,Tingley
Lydon,Yata,Claypool
Whitby,Aibox,Pigram
Theresina,Thoughtworks,Hiddy
Ash,Geba,Watford
Lin,Skyba,Morland
Jolee,Vipe,Vockins
Elianora,Cogibox,Stuttman
Guinevere,Vinder,Leonard
Blondell,Devbug,Gobeau
Ebenezer,Gabcube,Jakubowicz
Lisetta,Voonix,Arnison
Kaylyn,Twiyo,Cheves
Bayard,Skalith,Tuminelli
Rebecca,Feednation,Reddell
Ynez,Shuffledrive,Gerhartz
Karim,Tagfeed,Plenty
Clayton,Oyoba,Cisson
Lancelot,Dynazzy,Kyle
Lowell,Voomm,Baudet
Sheffy,Thoughtmix,Frodsham
Vidovic,Blogtag,Ceaplen
Dorey,Meevee,Yakunchikov
Garvy,Avaveo,Westrope
Florette,Skyble,Whyman
Jacquelyn,Trupe,Chambers
Robinet,Yabox,Jury
Coralie,Quatz,Alvarado
Terrill,Aimbo,Moorfield
Felisha,Dabfeed,Emptage
Vladimir,Brightdog,Merriton
Helyn,Oyonder,Showering
Eveline,Jazzy,Newiss
Donall,Voomm,Lunbech
Bryon,Devshare,Domney
Paige,Riffpath,Burling
Gwynne,Tagcat,Hallworth
Wren,Gigaclub,Twinning
Peta,Babbleopia,Slator
Olimpia,Thoughtstorm,Fearon
Carl,Youspan,Woolcocks
Francois,Kwinu,O'Kynsillaghe
Damita,Chatterbridge,McInerney
Kelvin,Gabtype,Sodor
Florella,Meevee,Girhard
Ernie,Yakidoo,Babon
Ermengarde,Tagtune,Evreux
Parnell,Wikido,Sleit
Zach,Gigashots,Norcock
Ann-marie,Yodoo,Knight
Amity,Thoughtstorm,Shipley
Jackson,Dablist,Neave
Kimberley,Gabcube,Tofts
Derrek,Meejo,Birtwisle
Emmye,Brainbox,Sacaze
Caroline,Wikizz,Gerrill
John,Viva,Blemen
Lionel,Brainlounge,Blonfield
Leland,Flipbug,Horsewood
Lombard,Kare,Edmonstone
Aleen,Kare,Mouat
Karin,Shuffledrive,Windle
Jeth,Topicware,Kearle
Louie,Talane,Gianninotti
Krystal,Divavu,Leimster
Steffane,Chatterpoint,Gunter
Mariya,Gabtune,Everist
Howey,Mymm,Arstall
Alejandra,Buzzshare,Spawforth
Tanhya,Leexo,Trimnell
Farrah,Mita,Seear
Torrin,Demimbu,Tregensoe
Ange,Yodo,Pountain
Clemente,Youfeed,Blabie
Josepha,Riffpedia,Yetton
Markus,Yamia,Wornham
Claire,Eadel,Emmanueli
Evangeline,Kazio,Paddock
Malinde,Midel,Maier
Lonny,Riffpedia,Davers
Vittoria,Edgepulse,Bodham
Sheelah,Gabspot,Haygreen
Major,Ozu,Farndon
Nickolaus,Tavu,Cosbey
Arlen,Fiveclub,Horrell
Zared,Fanoodle,Lillee
Yehudi,Voomm,Collinette
Kaila,Skalith,Duggen
Katrina,Latz,Spillane
Zaria,Tagcat,Kermath
Bogey,Divape,Shilito
Tiffi,Buzzbean,Bullivent
Vikky,Voomm,Vann
Steward,Wordtune,Kerswill
Sibyl,Blogtags,Hardistry
Ashleigh,Lazz,Impy
Lexine,Dablist,Tadman
Alicea,Ntags,Verbruggen
Kyle,Katz,Brozsset
Reed,Gabvine,Streat
Beilul,Skinix,Fitzroy
Rita,Photojam,Cosh
Roldan,Voonder,Parsall
Marsiella,Livetube,Arnison
Tiphanie,Avaveo,Jakeman
Mable,Rhybox,MacGaffey
Gordan,Twitterwire,Gilfillan
Taddeusz,Edgeblab,Esch
Salvador,Feednation,Anfossi
Wang,Meemm,Digweed
Vincent,Yodo,Kurt
Izzy,Buzzshare,Howieson
Sanders,Oozz,Tranckle
Ward,JumpXS,Pellamont
Maxy,Trudeo,Farriar
Jesselyn,Twinder,Lindblad
Giustina,Photospace,Aldersley
Elisabet,Kayveo,Rockliffe
Lucien,Izio,Emblin
Nichol,Dabtype,Husher
Markus,Realcube,Smetoun
Angele,Devify,Sictornes
Reinold,Browsetype,Nornasell
Franky,Cogibox,Maylor
Dolph,Dynava,Wyburn
Rubia,Quaxo,Doonican
Frants,Edgeclub,Fennelow
Dukey,Gigaclub,Creevy
Siusan,Devify,Duggan
Launce,Oloo,Van Hesteren
Connor,Skipstorm,Borel
Deva,Npath,Izzard
Antony,Gabtype,Chastand
Basile,Skajo,Duckerin
Gaby,Devbug,Tilston
Jesse,Demivee,Faunt
Fanya,InnoZ,Forster
Dicky,Skipstorm,Penni
Donna,Skyvu,Colloby
Gav,Zoombeat,Bewlay
Siward,Zoozzy,Falk
Natasha,Jaxworks,Philipp
Melissa,Jazzy,Meggison
Shaw,Kwinu,Aleixo
Ettore,Tagfeed,Sushams
Nanci,Photofeed,Ainge
Theodoric,Tazz,Makiver
Suzanne,Thoughtmix,Bryce
Hayes,LiveZ,Sapp
Maggi,Realcube,McKenzie
Marlowe,Voonix,Corbally
Shir,Vinder,Duthie
Claudina,Vitz,Carillo
Reinaldos,Skyble,Forty
Bethany,Wikizz,Vannuccini
Nellie,Latz,Fullun
Robbyn,Oodoo,Ciccerale
Aylmar,Flashspan,Spurdens
Beulah,Youbridge,Lamberts
Karl,Meevee,Hallin
May,Trunyx,Pritty
Lilli,Realpoint,Pude
Cristen,Flipstorm,Bail
Jennette,Voonix,Litherborough
Amelia,Fliptune,Hagstone
Morlee,Oyondu,Coucha
Morlea,Zava,Barlthrop
Morleb,Kazio,Jurick
Moraeb,Janyx,Farnaby
Morbea,Pixope,Malec
Harlen,Flipstorm,Tanfield
Kris,Oyoba,Sabben
Kinny,Edgewire,Brookbank
Marianna,Lazzy,Hounsom
Alica,Camimbo,Chopin
Maia,DabZ,Toffler
Bartholomew,Rhybox,Gill
Wendy,Browsecat,Doget
Nico,Voonder,Cavalier
Huntington,Dabfeed,Keneforde
Van,Meevee,Dowling
Sid,Dazzlesphere,Kindread
Fletch,Flipopia,Izakof
Enrica,Wordware,Roobottom
Arley,Innojam,Parlott
Forester,Omba,Wandrach
Munmro,Lazz,Silveston
Mile,Yakidoo,Filyukov
Ives,Blogtag,Fargie
Emmalynne,Skaboo,Stavers
Skyler,Demivee,O'Rafferty
Augustina,Kamba,Stitt
Natal,Yakitri,Beere
Edgar,Kimia,Garbutt
Crosby,Browsezoom,Hows
Felicdad,Bubblemix,Crowne
Hersch,Buzzbean,Newton
Rebeca,Kazu,Zienkiewicz
Lacee,Thoughtblab,Benck
Ninetta,Realcube,Ferdinand
Marjory,Twitterlist,Khan
Maisey,Digitube,Wimbridge
Maynard,Mudo,Sayre
Andrey,Teklist,Redparth
Kandy,Rhycero,Lowman
Gerome,Katz,Styan
Rubia,Wikivu,Lamborn
Arthur,Kazu,Morrish
Darci,Oyope,Thorneywork
Eugen,Eidel,Lyver
Niki,Blogspan,Sprules
Melly,Rhynoodle,De Domenici
Meaghan,Jabbersphere,Fowden
Hadlee,JumpXS,Chark
Evonne,Youspan,Lembrick
Roanna,Skynoodle,Connah
Franchot,Oyope,Rubie
Shir,Mynte,MacDougal
Cos,Cogidoo,Cooper
Angelia,Bubblemix,Cavilla
Hollyanne,Twiyo,Raikes
Rem,Thoughtbridge,Tetla
Nadya,Trupe,Ramsden
Gerek,Shuffledrive,Sarsons
Humfried,Yamia,Goreisr
Magda,Trudoo,Mainson
Cindi,Realbuzz,Killock
Wenona,Innotype,McGuckin
Katharina,Twitterbeat,Marcroft
Mart,Jayo,Gue
Carry,Devify,Montague
Catharina,Zoomdog,Fulcher
Port,Zooxo,Pocknoll
Lin,Reallinks,Bourdis
Curt,Myworks,Domengue
Merline,Aimbu,Crum
Juliane,Realblab,Brandreth
Dunn,Viva,Le Blanc
Marshall,Skyble,O'Cosgra
Che,Topicware,Tolson
Eugine,Meetz,Grishmanov
Marijo,Thoughtstorm,Summers
Aubrey,Skaboo,Simonite
Lyndell,Devbug,Carreck
Sherwood,Devpulse,Labbe
Gizela,Livetube,Steels
Perri,Flipopia,Lovelace
Bearnard,Gigabox,Hessentaler
Cary,Zoonoodle,Brett
Wyatt,Jaxspan,Pehrsson
Chuck,Oyonder,Fearick
Wynnie,Jetpulse,MacKaig
Audi,Kare,Plowman
Dollie,DabZ,Bloxholm
Giavani,Leexo,Krauze
Ailina,Zooxo,Smallpiece
Nari,Twinder,Ganley
Ado,Ntag,Frohock
Demeter,Avaveo,Crevagh
Tallulah,Miboo,Andrioni
Tandie,Tagtune,Kalker
Bay,Eazzy,Posthill
Rolf,Abatz,Pordal
Gilberte,Tanoodle,Chitter
Fifi,Roodel,Lebond
Gennifer,Thoughtstorm,Jillett
Ellyn,Twimbo,Bryden
Marysa,Skimia,Hutcheons
Sarena,Einti,Phuprate
Romain,Twitterbeat,Unworth
Odey,Dynazzy,Tatam
Leia,Wikizz,Coryndon
Ayn,Babbleblab,Cappell
Fidela,Realblab,Shephard
Holly,Chatterbridge,Nyssens
Angelico,Oba,Mulvany
Kath,Quatz,Settle
Rudiger,Quinu,Abele
Del,Browsetype,Yurlov
Dollie,Realpoint,O'Hara
Adriana,Zoozzy,Seage
Wilhelm,Kanoodle,Kynnd
Olivier,Kaymbo,Bolesworth
Glynn,Jabbersphere,Suche
Erma,Topiclounge,Clother
Ardith,Oyondu,Dicte
Maximilien,Roombo,Huyche
Mortimer,Mymm,Zannelli
Andriana,Tazzy,D'eathe
Cherlyn,Edgeblab,Basson
Silvain,Gigashots,Barry
Anatol,Edgeify,Menure
Kennett,Topicstorm,McTrustram
Kass,Bubbletube,Western
Paton,Skidoo,Scholar
Audrye,Katz,Elgar
Hugues,Muxo,Fricke
Humphrey,Pixonyx,Plewright
Darlleen,Thoughtblab,Tickle
Whitney,Chatterpoint,Tompion
Henrietta,Cogilith,Tregunnah
Sascha,Buzzster,Wrightam
Melisent,Dynabox,Klamman
Kimberli,Jabbersphere,Sorsby
Juliet,Gabtune,Oda
Sheelah,Avavee,Kidwell
Georgianne,Tagpad,Langfitt
Coriss,Fatz,Isoldi
Nikolia,Trilia,MacLaren
Sheilakathryn,Kazio,Gossage
Panchito,Roombo,Tweddle
George,Zooxo,Bateman
Gerri,Avamba,Hamprecht
Rozina,Flashspan,Yter
Farah,Livepath,Saberton
Elie,Oba,Atcock
Celesta,Realcube,Farmiloe
Raffaello,Meeveo,Fomichyov
Shermy,Minyx,Yakunkin
Rina,Voonte,Bricksey
Lucina,Zoonder,Mariault
Symon,Oyoloo,Slaughter
Langsdon,Feedmix,Pratchett
Conant,Ainyx,Lukock
Inna,Feedfish,Bouzek
Emily,Eadel,Faro
Jennilee,Twimm,Bruneton
Keelia,Brainsphere,Hutley
Kort,Aibox,Newrick
Taite,Pixoboo,Marques
Galvan,Livefish,Skottle
Ellary,Eamia,Weekly
Pris,Myworks,Clyde
Hershel,Edgeify,Warlawe
Gene,Skimia,Jonin
Ashli,JumpXS,Hankinson
Margaretta,Avamba,Haly
Kali,Devpoint,Childers
Liv,Feedfish,Rothery
Madeleine,Dabfeed,Tinklin
Odelinda,Wordify,Chartre
Emery,Fiveclub,Simonite
Alexandrina,Janyx,Spray
Benjie,Realcube,Lacknor
Maddy,Dynava,Clubb
Clio,Flipopia,Ditchburn
Mira,Avamba,Idale
Galina,Twinte,Risely
Sula,Skippad,Pfleger
Gussi,Kazio,Ramme
Bridgette,Eayo,Ewens
Esmeralda,Miboo,Pepler
Antin,Jabbercube,Makin
Clay,Edgeblab,Saunton
Blake,Meeveo,Leftbridge
Knox,Tagfeed,Joao
Urbain,Mita,Oulett
Callie,Dynabox,Aers
Barnebas,Flashset,Gorch
Domeniga,Twimm,Evangelinos
Lacy,Dabvine,Geroldi
Almire,Realblab,Yegorov
Bruce,Wikivu,Elverston
Moise,Edgeify,Greave
Temp,Mynte,Stefi
Evonne,Eamia,Corbally
Marigold,DabZ,Francisco
Bel,Kazio,Palser
Judy,Skimia,Daubney
Ora,Jayo,Codeman
Petr,Youspan,Ruffles
Ardelle,Skivee,Longhi
Verne,Skivee,Briance
Shamus,Pixope,Billings
Giralda,Abatz,Blount
Ninnetta,Photofeed,McFfaden
Mariejeanne,Skipstorm,Castellucci
Aylmar,Twitterbridge,Byrd
Gertrude,Eamia,Fetherston
Dorothea,Eayo,Casarini
Genni,Divape,Wakeford
Bartlet,Skaboo,Kornousek
Pierre,Zoovu,Dudden
Tera,Janyx,Edmondson
Erskine,Quaxo,Bangiard
Patrizia,Edgetag,Baal
Britney,Linkbridge,Seage
Tanny,Abata,Matejovsky
Berrie,Browseblab,Mickelwright
Frederique,Skinix,Callar
Joya,Skimia,Branchet
Virge,Devpulse,Tame
Niels,Brightbean,Freyn
Glenna,Trilith,Cottel
Lodovico,Mycat,Gresty
Jourdain,Rhynyx,Franceschino
Daffy,Thoughtbeat,Raddon
Darlleen,Quinu,Dewhirst
Napoleon,Katz,Gonzales
Denney,Eayo,Hrycek
Jemie,Ntags,Rubenovic
Jenda,Fanoodle,Klais
Kahlil,Jaxworks,Beardmore
Jewelle,Brightbean,Yantsev
Morgen,Avaveo,Alcott
Maximilianus,Skynoodle,Nehl
Rawley,Zooxo,Scheffler
Corly,Brightdog,Chomicz
Tierney,Oba,Elwill
Conrado,Brainsphere,Jinkin
Moore,Jaxnation,Hazleton
Daron,Realcube,Yurkov
Fransisco,Plambee,Jotham
Noach,Wikivu,Avis
Irina,Zazio,Bartusek
Theda,Thoughtworks,Beretta
Colman,Skiba,Pearde
Saundra,Yodel,MacDowall
Friederike,Tagpad,Adamec
Parsifal,Meezzy,Tire
Boone,Twitterworks,Edmenson
Lula,JumpXS,Ogbourne
Chicky,Realfire,Strete
Archy,Agivu,Sheasby
Elston,Flashset,Shurlock
Benedetto,Bubblemix,MacBean
Pippo,Demimbu,Klejna
Henri,Brainverse,Gromley
Bartie,Jabbertype,Lee
Cleopatra,Katz,Dwelly
Prinz,Tazz,Manilove
Garald,Eayo,Elijahu
Charis,Livetube,Brunnstein
Faythe,Ntag,Danter
Fitzgerald,Riffpath,Ludovico
Saundra,Flashpoint,O'Breen
Aleta,Gevee,de Copeman
Lee,Viva,Westhoff
Berti,Edgewire,Gristwood
Elisabeth,Twinder,Monini
Saudra,Feedfire,Ickowics
Nikolos,LiveZ,Mackin
Kandace,Fiveclub,Scannell
Julietta,Quimba,Lingner
Emlyn,Trilith,Fadell
Othello,Centidel,Camamill
Richart,Oyoba,Tockell
Laughton,Thoughtblab,Buxsy
Jewelle,Centizu,Rickert
Arther,Realcube,Ledner
Wanda,Tavu,Olijve
Dwight,Voolith,Dagg
Dawna,Feedfish,Lorait
Erv,Gabcube,Hendrikse
West,Divape,Case
Mindy,Jaxspan,Puckett
Jimmy,LiveZ,Kilshall
Melvyn,Realbuzz,Logsdale
Brendis,Buzzshare,Nerval
Caria,Devbug,Bahde
Rutger,Dabvine,Croker
Sissie,Kazu,Wilbor
Beverly,Vinder,Millership
Jackqueline,Oyope,Bram
Mathew,Quimba,Stockall
Flinn,Jetpulse,Blondell
Bryce,Livepath,Kock
Sunny,Avavee,Mallatratt
Gerri,Nlounge,Oakwell
Kial,Mybuzz,Murgatroyd
Morena,Geba,Dunbobin
Barnard,Jaloo,Mattisson
Bertrand,Kwinu,Bescoby
Arel,Ntags,Jouanot
Ramonda,Meembee,Oylett
Irwinn,Pixoboo,Willder
Barbara,Gabtype,Scutching
Maison,Flipopia,Sinden
Nadia,Kaymbo,Tibols
Janith,Kare,Rosier
Kendricks,Tazz,Keuntje
Leeland,Topicware,Robb
Ase,Browsecat,Batcock
Modesta,Trilia,Stang-Gjertsen
Jethro,Zoomzone,Skirlin
Angie,Tanoodle,Grundy
Niles,Abata,Izod
Eugene,Topdrive,Berens
Jenna,Bluezoom,Vaney
Margaux,Dynabox,Pilipets
Leigha,Einti,Jira
Yettie,Vidoo,Antoniak
Wynne,Zoonoodle,Kemster
Norah,Skyba,Daughton
Caresa,Skimia,Mapledoore
Drusie,Kazio,Borth
Jack,Skaboo,Hammor
Carmencita,Jayo,Venney
Jolie,Shufflebeat,Zmitruk
Hoebart,Kare,De Blase
Charo,Zoonder,Henker
Marybeth,Yombu,Mebs
Merci,Wordtune,Braine
Casi,Devcast,Konneke
Rusty,Avaveo,Gaylard
Ardine,Gevee,Entwhistle
Lucretia,Browsedrive,Crudge
Constantia,Edgeclub,Whalebelly
Sharlene,Tekfly,Mattock
Stu,Brainsphere,Dedrick
Edi,Jamia,Macci
Celestia,Meembee,Skeleton
Kain,Centidel,Rummin
Morlee,Twitternation,Chinge de Hals
Joan,Dabshots,Pembridge
Kayley,Yacero,Spancock
Codie,Feedmix,Kearns
Minetta,Abatz,Keoghan
Georgina,Camimbo,Lippingwell
Minta,Kazio,MacNeachtain
Aggie,Agimba,Whitehouse
Vicky,Oyonder,Purrington
Thaxter,Gabcube,Berkley
Eb,Vinte,Minifie
Cletis,Yakijo,Flude
Casper,Digitube,Follett
Cecelia,Feedfire,Kayser
Conrad,Oyoyo,Fortie
Harwell,Pixonyx,Rozzell
Sydney,Thoughtbridge,Aucutt
Tildie,Demimbu,Abramow
Doy,Edgewire,Findley
Humfried,Voonder,Crosser
Wake,Topicblab,Breach
Cati,Wikizz,Hickinbottom
Mandie,Devify,Markova
Sile,Jetpulse,Rupke
Nobie,Livetube,Ladley
Greggory,Aivee,McMinn
Sanders,Skaboo,Yard
Saul,Trilia,Stanluck
Brnaby,Janyx,Fairhurst
Dede,Ailane,Cranefield
Gusta,Eire,Pillinger
Joshua,Realcube,Doust
Kasper,Voomm,Habard
Brig,Babblestorm,Rides
Mohandis,Eire,Gritsunov
Pearline,Zooveo,Denver
Amaleta,Skinder,Guinan
Miriam,Devshare,Antognelli
Coop,Mynte,Jablonski
Gian,Rhynyx,Tipping
Udell,Feedspan,Willstrop
Georg,Skyvu,De Hooge
Josselyn,Blogpad,Dur
Ashli,Browseblab,Lebourn
Redford,Babbleset,Baume
Merilyn,Gabtune,Larmouth
Elyse,Babbleset,D'Alesio
Joni,Roodel,Zamboniari
Mariel,Zoonder,Hold
Aurel,Centimia,Noye
Bobette,Kwimbee,Ebbings
Maureene,Kare,Ewen
Yasmin,Topiclounge,Spilstead
Thomasina,Pixope,Durrant
Cherilynn,Jabbercube,Shewon
Lucia,Trudeo,Hilldrup
Timothee,Wikizz,Robert
Crystie,Ozu,Gillitt
Erick,Fatz,Mongin
Micah,Wikibox,Skittrall
Marchelle,Nlounge,Tidey
Elton,Fanoodle,Ralfe
Ronnica,Photofeed,Ovenden
Dorella,Twitterlist,Libbis
Gerri,Jabberbean,Baunton
Terrie,Zoombeat,Terbrug
Tybi,Brainsphere,Staveley
Haley,Ntag,Barbrick
Sheridan,Jatri,MacTeague
Uri,Jabbersphere,Helliar
Alice,Mybuzz,Defty
Caron,Twitternation,Huddles
Hanna,Oloo,Prudham
Richy,Blogpad,Slemmonds
Bernie,Feednation,Code
Glenden,Blognation,Borsi
Vonny,Gabtype,Lindborg
Derward,Zooxo,Beardwood
Amalea,Rhyzio,Mughal
Marys,Voomm,Date
Jenica,Linktype,Danieli
Jillian,Yakidoo,Glazer
Constanta,Mynte,Catling
Graig,Blogspan,Shottin
Salvidor,Livefish,Gutteridge
Karna,Quire,McFadzean
Moises,Cogilith,Tunna
Loella,Devpoint,Eller
Phaedra,Jabberbean,Slack
Bibbye,Jabberstorm,McElhinney
Raphaela,Blogpad,McKerton
Bobbie,Midel,Wais
Velvet,Kanoodle,Tegeller
Olly,Tanoodle,Woolmer
Marris,Skyble,Bernlin
Antonie,Youspan,Foyston
Shelley,Roombo,Biskupiak
Caz,Lazzy,Tousey
Omero,Blogtags,Durnford
Kirbee,Dazzlesphere,Lornsen
Robb,Meejo,Mapples
Dannye,Edgeclub,McCrystal
Christian,Skalith,Banbrigge
Ludovika,Innotype,De Vaan
Dorris,Babblestorm,Mathews
Frayda,Quimm,Records
Katti,Twimm,Tooke
Yolanda,Minyx,Quarles
Herculie,Twitterworks,Gamell
Levy,Twinte,Hankard
Drona,Oyondu,Harbor
Frankie,Fivechat,Dibden
Sol,Tagpad,Cranfield
Nina,Babbleopia,D'Alwis
Kesley,Ntag,Schirok
Eolande,Avavee,Skarr
Dionne,Mybuzz,Moline
Ardelia,Linkbuzz,Lakes
Grete,Zoozzy,Tytcomb
Barby,Kwinu,Szwandt
Royce,Zoomdog,Bushaway
Kirbee,Thoughtworks,Bavin
Cyril,Tavu,De Dantesie
Aleece,Skinte,Head
Correy,Yakidoo,Penman
Casar,Muxo,Habben
Rudyard,Divavu,Minty
Rosalia,Livefish,Michie
Giorgio,Skinix,Creswell
Fenelia,Roomm,Maplesden
Emmalynn,Zoonder,Scarffe
Alwyn,Fatz,Wotton
Spense,Meevee,Harrow
Remus,Meevee,Allridge
Carl,Leexo,Bompas
Annice,Feednation,Slocombe
Bar,Skaboo,Diche
Gerry,Edgeify,Wasiela
Alanah,Cogibox,Epgrave
Daron,Wikizz,Durbyn
Anitra,Rhynoodle,Cocking
Imogene,Tagpad,Congreve
Julietta,Skajo,Beausang
Garrot,Blogpad,Trewartha
Sigismond,Gigaclub,Pieroni
Kip,Livefish,Ranklin
Heath,Jetpulse,Spores
Billy,Tagchat,Crampsy
Dominique,Linkbridge,Stanway
Oran,Plambee,Ickovici
Josefina,Jetwire,Yoslowitz
Teressa,Trupe,Stritton
Yvonne,Zoomcast,Kopke
Ilaire,Voolia,Mougenel
Granville,Yodoo,Ciotto
Herb,Centidel,Halvorsen
Terri,Bubblebox,Stave
Desiree,Oyoloo,Joderli
Holly-anne,Viva,Crystal
Clint,Oyoloo,Billingsley
Shel,Browsecat,Boater
Valentine,Photobean,Pryke
Tilly,Skiptube,Prawle
Rebeca,Jayo,Gatlin
Tori,Kaymbo,Raspin
Marcela,Edgeblab,Cahani
Laraine,Kimia,Saunt
Camala,Fiveclub,Gurnee
Wyatan,Mymm,Crystal
Carlita,Livepath,Shotboulte
Kerrin,Tagpad,Tandey
Farrah,Trunyx,Bendtsen
Stephie,Yodo,Mulqueeny
Albina,Flipbug,Barter
Leoline,Oyonder,Buckhurst
Wally,Fivespan,Saffill
Bradley,Katz,Beedell
Kath,Dynabox,O'Hagan
Sisely,Babbleopia,Shipp
Linn,Roomm,O'Sesnane
Reider,Fatz,McGraw
Rora,Centidel,Izatt
Alexandro,Katz,Geator
Any,Ooba,Jaszczak
Frasco,Shuffletag,Deniskevich
Ann-marie,Pixonyx,MattiCCI
Ronny,Yakitri,Costard
Eirena,Quamba,Crat
Lilias,InnoZ,Kuschke
Fairlie,Bluejam,Chesterman
Caitrin,Shuffledrive,Dudenie
Florenza,Jabbersphere,Somers
Bruce,Latz,Gilchrest
Janey,Browseblab,Ondrich
Beverley,Twitterbeat,Leather
Benjie,Eazzy,Firman
Niki,Realbuzz,Gallamore
Parnell,Flashpoint,Ivashinnikov
Holly-anne,Twitterbridge,Gannicleff
Kellie,Janyx,Leaver
Husein,Mycat,Loudiane
Valaree,Divanoodle,Scorah
Selig,Skiba,Kroin
Marleen,Npath,Hearn
Verena,Dynabox,Stockman
Mendel,Babblestorm,Dunston
Nelson,Zoonoodle,Reedman
Glori,Riffpath,Baldocci
Kissiah,Mita,Sangar
Archy,Skyba,Beggini
Phaedra,Tagcat,Broszkiewicz
Dieter,Photobug,Donaher
Bart,Dynazzy,Grinsdale
Dimitry,Skalith,Gruczka
Oliver,Katz,Darling
Freemon,Gabtype,Ronchka
Binni,Trudeo,Linnemann
Elysee,Gabcube,Lewisham
Ede,Camido,Gaenor
Jemmy,Kimia,Ratledge
Wald,Yodo,Rizzello
Etienne,Trilia,Delafoy
Brander,Riffpedia,Howton
Netta,Muxo,Crudge
Tomaso,Vinte,Wych
Blondy,Flipstorm,Joberne
Emmy,Rooxo,Leisman
Laurice,Shufflester,Cracker
Zia,Camido,Markie
Ephrem,Avamm,McCormick
Davon,Meevee,Gockelen
Lloyd,Quimm,Thonger
Moses,Bubblebox,Normant
Normand,Riffwire,Farryann
Ailis,Shufflester,Quinsee
Hilary,Gevee,Sandon
Lancelot,Shufflester,Parmby
Pamelina,Blogspan,Thackeray
Clemente,Edgeblab,Blachford
Olav,Zava,Roser
Jemmy,Ozu,Iapico
Dougy,Twimbo,Thain
Packston,Zoozzy,Rickard
Merilee,Photojam,Aspin
Janetta,Yoveo,Somerbell
Brynn,Skaboo,Legh
Drucy,Kwideo,Umpleby
Verena,Flashdog,Mourbey
Cordi,Skipstorm,Taberner
Bern,Dabshots,Burborough
Antony,Realcube,Cannon
Madel,Meemm,Persence
Che,Photospace,Dict
Andy,Vidoo,Folomkin
Kaleb,Npath,Fremantle
Aubree,Yata,Losel
Goraud,JumpXS,Swadling
Lishe,Yadel,Laban
Dennison,Photospace,Weymont
Lorita,Oyoyo,Villaron
Leesa,Skimia,Dredge
Jaclin,Meezzy,Hollibone
Chad,Topicblab,Deveral
Ruperto,Youspan,Curtayne
Karlene,Izio,Kinglesyd
Seumas,Dablist,Weedon
Caralie,Blognation,Wisher
Horten,Voomm,Sieur
Casandra,Roomm,Birney
Melli,Feedspan,Simmon
Dyann,Topiczoom,Plane
Henrie,Livefish,Zannolli
Reamonn,Bluezoom,Villa
Kimberli,Flashdog,Siggs
Aleen,Quinu,Adelberg
Sheffie,Ainyx,Raun
Corina,Thoughtbridge,Deary
Robby,Skinix,Olphert
Fernando,Mydeo,Andrag
Paddie,Realcube,Sidney
Allegra,Kare,Kynan
Pattin,Dynava,Mc Caughan
Manda,Zava,Ticehurst
Kerrin,Bubbletube,Offord
Gabie,Brainlounge,Stonhewer
Von,Ntags,MacKim
Zacherie,Brainbox,Lambrecht
Valaree,Wikizz,Ulrik
Brinna,Roombo,Barthelmes
Tim,Quinu,De La Hay
Alf,Aivee,Rimes
Aryn,Skyba,Heskins
Naoma,Skinix,Fitzsymonds
Giuseppe,Kazio,Dincey
Doralyn,Jaxspan,Savins
Ebenezer,Photofeed,Coning
Levy,Yamia,Vivers
Cosimo,Brainbox,Shackle
Ignacio,Chatterpoint,Rigard
Kain,Youopia,Stivey
Miles,Skynoodle,Ivakhin
Ward,Zoombeat,Gynne
Esdras,Linkbridge,Jaegar
Isabella,Skyba,Grute
Christalle,Eire,Snowsill
Aubine,Flipstorm,Ugo
Odetta,Zoombeat,McNeish
Franzen,Kwinu,Dennes
Gunther,Dabjam,Streatley
Clarette,Reallinks,Ollarenshaw
Shel,Oba,Moffat
Elwyn,Yodoo,Ajam
Sherwin,Mydo,Wrinch
Karrah,Quaxo,Heard
Foss,Innotype,Uttridge
Ninetta,Voonix,Burgisi
Garey,Zoonder,Rosenbaum
Ferrell,Voomm,Milroy
Chane,Skyble,Kruschev
Nana,Linklinks,Evenett
Lois,Kanoodle,Lepick
Brand,Layo,Chantree
Gilemette,Jazzy,Otton
Philip,Devshare,Glentworth
Leif,Avavee,Togher
Bonni,Gabvine,Reaveley
Kathlin,Voomm,Red
Lindi,Photobug,Walworche
Felicio,Muxo,Gemlett
Olly,Photolist,McKeurtan
Myrna,Snaptags,Pestor
Cassy,Skipstorm,Furman
Karlik,Meedoo,Welbelove
Cassaundra,Topicware,Tappin
Germaine,Vitz,Bulgen
Lynette,Rhycero,Elles
Gib,Browsezoom,Kondratyuk
Darsey,Meevee,Steanson
Vladamir,Eidel,Gregs
Franciska,Kimia,Novello
Amelina,Yabox,Wheelhouse
Rory,Oodoo,Kinnie
Udall,Quamba,Headon
Karee,Zoomcast,Aronow
Harlin,Photolist,Hiley
Mathian,Einti,Ruby
Karine,Ainyx,Boddis
Matthaeus,Edgetag,Olechnowicz
Johnathan,Skibox,MacCauley
Stanislaus,Quatz,Decker
Heath,Jetwire,Yanuk
Astrix,Rhycero,Ballston
Cassius,Chatterpoint,Palek
Hewet,Wikizz,Grimble
Marcelo,Midel,O'Kinedy
Marsh,Lazzy,Nappin
Deanne,Trudoo,Jerger
Hephzibah,Lazzy,Mitroshinov
Augusto,Bluejam,Delbergue
Jaye,Wikido,Matkin
David,Quire,Sculpher
Darline,Fivebridge,Coils
Swen,Devbug,Greguol
Helene,Chatterbridge,Trood
Giulia,Browsedrive,Chasmor
Lyell,Plajo,Isaak
Corby,Feedmix,Pippin
Shaine,Gabtune,Yukhnevich
Cecilius,Cogilith,Voyce
Marcelle,Pixonyx,Burl
Camella,DabZ,Scoggans
Christiane,Tekfly,Leghorn
Lisha,Quamba,Illsley
Gerry,Mydeo,Geraudel
Aundrea,Plambee,Dodwell
Kristoffer,Cogilith,Symon
Archibald,Latz,Curl
Ryley,Oloo,Grayson
Sapphire,Jabberstorm,Kinnen
Gareth,Flipstorm,O'Mara
Chrissie,Voolith,Coole
Marie,Brainverse,Lecordier
Burgess,Wordpedia,Furtado
Noll,Jaxworks,Tuxsell
Rubin,Meedoo,Dawbury
Marabel,Shuffledrive,Derington
Truda,Topicware,Klee
Cristin,Twitterbeat,Prew
Thedric,Tazzy,Lead
Windy,Voonte,Dagnall
Rudy,Feedmix,Kruse
Iver,Demizz,Dowley
Ailey,Topicware,Godby
Norbie,Camido,Gendrich
Sim,Photolist,Franciskiewicz
